{"name":"jquery.treeselect.js","body":"jQuery TreeSelect widget\r\n==================================\r\n\r\nThis widget is used for transforming a hierarchy HTML lists with\r\ninput's into a hierarchial tree select tool.  You can also call this widget\r\nwith a structured JSON list and it will convert it to an HTML hierarchy select\r\ntool of those items.\r\n\r\nExample\r\n----------------------------------\r\n\r\nPlease take a look at index.html for an example on how to use this library.\r\n","tagline":"A minimalistic jQuery hierarchy select widget used for selecting hierarchy structures in a treeview format.","google":"","note":"Don't delete this file! It's used internally to help with page regeneration."}